OBJECTID,HexID,SamplingResultsCount,SHAPE_Length,SHAPE_Area
1,1,5,0.181192925899117,0.00227353300210468
2,2,4,0.181046704028616,0.00227065598066277
3,3,11,0.1802594677399,0.00225482688229402
4,4,5,0.178379867108934,0.00221719380437155
5,5,49,0.178975376097813,0.00222910243140683
6,6,3,0.181573757667545,0.00228113785744436
7,7,5,0.177070390420807,0.00219067430411058
8,8,34,0.178589188869396,0.00222135635703632
9,9,4,0.178604565200889,0.00222175786079157
10,10,19,0.183140446365504,0.00231236823960947
11,11,45,0.178077780234722,0.00221118588252818
12,12,5,0.18066485802997,0.00226305910059364
13,13,21,0.178974849883346,0.00222916019870924
14,14,5,0.179210005631844,0.00223363117579317
15,15,13,0.17742351780369,0.00219790164883301
16,16,14,0.178562625017446,0.00222093984147311
17,17,12,0.181071529781392,0.00227119089123931
18,18,7,0.181363758373081,0.00227702592959242
19,19,4,0.178641962893594,0.00222252614018503
20,20,3,0.183763738415648,0.00232462775661647
21,21,24,0.181344554647966,0.0022764245010735
22,22,11,0.179318359881435,0.00223609441433739
23,23,17,0.180380170371677,0.00225735964918883
24,24,4,0.183737192368809,0.00232415310816355
25,25,4,0.183447625978583,0.00231821999866733
26,26,4,0.177242852380991,0.00219439217026276
27,27,4,0.18077867098102,0.00226533656958493
28,28,4,0.176978816415709,0.00218874695536316
29,29,5,0.177940064005938,0.00220827272925489
30,30,10,0.177198400347312,0.00219346719443477
31,31,31,0.178330012527712,0.00221626943084991
32,32,4,0.184908355749285,0.00234731622686354
33,33,4,0.180025887502483,0.00225025177514476
34,34,3,0.179308283239023,0.00223587807784648
35,35,7,0.17743231004327,0.00219813910060704
36,36,5,0.182466609929518,0.00229900892510154
37,37,28,0.178757788509119,0.00222482085391108
38,38,15,0.176940227527381,0.00218812658238878
39,39,7,0.178160413262231,0.00221267786215783
40,40,7,0.177210815804372,0.00219373566626537
41,41,4,0.184884469070307,0.00234689297866775
42,42,22,0.177506744390279,0.00219964095462158
43,43,70,0.17781439331819,0.00220589036875412
44,44,3,0.181866714479477,0.00228703608385254
45,45,32,0.179419867910535,0.00223786048447555
46,46,9,0.182466005448385,0.00229899340673014
47,47,3,0.179934518706019,0.00224832446608325
48,48,4,0.176844616273365,0.0021863528707924
49,49,1,0.181825173300442,0.00228621054846997
50,50,8,0.184825637774724,0.00234543979663288
51,51,4,0.181693224776905,0.00228359213182901
52,52,7,0.17716172129832,0.00219260420727362
53,53,1,0.177834419422993,0.00220630527705656
54,54,13,0.177806928744884,0.00220570529463396
55,55,12,0.177992138758158,0.00220945194158288
56,56,21,0.18009633324212,0.00225169134499247
57,57,3,0.182249647122094,0.00229448599189649
58,58,16,0.178192773494916,0.00221349846614165
59,59,17,0.180253611910042,0.00225484130659453
60,60,3,0.179296475638989,0.00223562223353112
61,61,5,0.18041849138015,0.00225813900169996
62,62,10,0.178749296299807,0.00222457907103569
63,63,10,0.179148054758977,0.00223259164716373
64,64,3,0.181828977037781,0.00228602139188352
65,65,5,0.178527770822804,0.00222021344311484
66,66,14,0.17886967540339,0.00222706975458539
67,67,8,0.182419628177922,0.00229797143148086
68,68,10,0.178601723042924,0.00222172387630592
69,69,4,0.183322976677681,0.00231601244632257
70,70,23,0.177962087213253,0.00220864462805269
71,71,5,0.178874669328325,0.00222718346795534
72,72,2,0.177575640456184,0.00220109562142836
73,73,1,0.181994870788698,0.00228959711267738
74,74,12,0.185962317949608,0.00236835541013896
75,75,19,0.182295034020546,0.00229559460694675
76,76,5,0.177619033383057,0.00220195572304058
77,77,1,0.18040586843313,0.00225787782006552
78,78,22,0.179683756814234,0.00224332456717157
79,79,21,0.177013899136413,0.00218961621485885
80,80,4,0.178374136683886,0.00221711318866108
81,81,14,0.178244277696951,0.00221449932533318
82,82,4,0.180364522838978,0.00225696131148008
83,83,8,0.178600588664889,0.00222163614644064
84,84,12,0.177633352594215,0.00220206263707428
85,85,4,0.177311015366949,0.00219545482241439
86,86,3,0.178950157524522,0.0022286726280319
87,87,3,0.177422291933741,0.002198009754765
88,88,1,0.177611370757545,0.00220181594635819
89,89,44,0.183414051635574,0.00231782925581516
90,90,13,0.179730138105273,0.00224414024127953
91,91,4,0.182748570341006,0.00230435372291894
92,92,23,0.178238000869271,0.00221429520584304
93,93,4,0.185340983829864,0.00235578664430569
94,94,9,0.178603997693601,0.00222176036454497
95,95,8,0.177848931642115,0.00220658173171601
96,96,5,0.178488776508955,0.00221936930033498
97,97,2,0.177976883286496,0.00220916860866021
98,98,35,0.178856580627557,0.00222678542509672
99,99,8,0.177202020690332,0.0021932633370047
100,100,7,0.17778852652103,0.0022053798260521
101,101,2,0.181445146912963,0.00227864862582674
102,102,76,0.183619353169729,0.00232185989846908
103,103,2,0.177059248004664,0.00219040054219111
104,104,18,0.179233068157037,0.00223430784703941
105,105,2,0.184552118904108,0.00234031350762777
106,106,4,0.178413503953973,0.00221786087055161
107,107,4,0.179233498457361,0.00223415383680062
108,108,11,0.181996835535885,0.00228965228392788
109,109,11,0.177579815499713,0.00220117329611557
110,110,19,0.178918095860568,0.00222798999086534
111,111,6,0.179916577529295,0.00224792727888568
112,112,19,0.183660788420158,0.00232267355782692
113,113,4,0.178297781963081,0.00221557634797719
114,114,41,0.181260693345261,0.00227485013729519
115,115,8,0.182557761528782,0.00230051669138735
116,116,5,0.185272739009138,0.00235453440590134
117,117,19,0.182676287992928,0.00230317611930603
118,118,3,0.178469945307547,0.0022190253272101
119,119,4,0.177577934360844,0.00220113917352994
120,120,9,0.179370944505311,0.0022370311738962
121,121,7,0.178513791711238,0.00221984641771168
122,122,2,0.183632101979297,0.00232189698894592
123,123,16,0.17953065738303,0.00224036411215559
124,124,34,0.182855244998309,0.00230674723820634
125,125,4,0.176952804505956,0.00218853898628143
126,126,4,0.181075401858656,0.00227126629773751
127,127,12,0.178392758841683,0.00221752612056986
128,128,9,0.1788861164353,0.00222742314081672
129,129,1,0.182629208118933,0.00230223085462931
130,130,2,0.180857083221291,0.00226683038251605
131,131,2,0.177138542906311,0.00219227141864715
132,132,9,0.178851977335793,0.00222659179473792
133,133,2,0.176911038984601,0.00218740119120945
134,134,22,0.177154790421581,0.00219226773231002
135,135,14,0.178598527884563,0.00222158136946203
136,136,1,0.180746719172364,0.00226469195736897
137,137,8,0.177025622524228,0.00219000808233646
138,138,19,0.178413426680619,0.00221792114322654
139,139,2,0.183601992661505,0.00232146630291189
140,140,5,0.178181693393227,0.00221322166237606
141,141,10,0.1800781952972,0.00225120991826226
142,142,6,0.182746128470776,0.00230441388101507
143,143,4,0.177748696276633,0.00220440151357011
144,144,10,0.177075342475665,0.00219079702764066
145,145,18,0.17713862645704,0.00219223575177773
146,146,20,0.179071233801845,0.002231054784773
147,147,4,0.183102631004514,0.00231150054409578
148,148,23,0.178957848799941,0.00222885416077196
149,149,1,0.181020844322538,0.00227016737566282
150,150,7,0.178613847811789,0.00222189679858241
151,151,8,0.178308145697975,0.00221581804575271
152,152,2,0.176959704776862,0.00218867890865392
153,153,7,0.177692137296927,0.00220343353958979
154,154,3,0.177425271815598,0.00219806887496557
155,155,124,0.178147308988228,0.00221257571358478
156,156,7,0.184464305897381,0.0023385297064031
157,157,1,0.17879722490996,0.00222563447679326
158,158,5,0.183284081948332,0.00231525350885259
159,159,12,0.179266117973993,0.00223479207702901
160,160,13,0.177164167202678,0.00219280976068672
161,161,6,0.177979573184803,0.00220918140185689
162,162,23,0.179008418146019,0.00222988337764199
163,163,2,0.178808952000231,0.00222565980833727
164,164,17,0.178107033835068,0.00221176321580028
165,165,8,0.186006264551631,0.00236883503781779
166,166,1,0.179777660912224,0.00224529084789027
167,167,7,0.181613223147195,0.002281974469732
168,168,10,0.182708067018281,0.00230378151623648
169,169,2,0.179185705227687,0.0022334369144154
170,170,4,0.177501885305948,0.00219932640661582
171,171,11,0.18250641463743,0.00229980079882309
172,172,8,0.179420505167992,0.0022381209223704
173,173,10,0.178939895317191,0.00222846601089705
174,174,7,0.183448358101367,0.00231848327459765
175,175,12,0.178715556182781,0.00222394294043122
176,176,38,0.178290886336965,0.00221548360503824
177,177,12,0.183702114902112,0.00232348442431628
178,178,12,0.182081982905305,0.00229134787402981
179,179,4,0.177893615264441,0.00220748779531191
180,180,4,0.181346394523232,0.00227665383582906
181,181,4,0.178105177537672,0.00221174560921527
182,182,4,0.183637409558222,0.00232215958952844
183,183,3,0.181485689411071,0.00227945606954962
184,184,7,0.179194582740525,0.00223360496802347
185,185,11,0.185022719637154,0.00234953105699318
186,186,21,0.178256966655059,0.00221477318252098
187,187,1,0.185851938968135,0.00236614521141982
188,188,9,0.177628634188723,0.00220194594053406
189,189,11,0.17930342943962,0.00223578351256138
190,190,8,0.177271275500221,0.00219480860746634
191,191,4,0.181639170367842,0.00228249218936914
192,192,9,0.182124432881909,0.00229219503237567
193,193,4,0.182078729276915,0.00229097675664651
194,194,23,0.180771885252456,0.00226511278666252
195,195,8,0.179997344205768,0.00224958729638944
196,196,10,0.185658861625108,0.00236203269755111
197,197,2,0.180583301401679,0.00226142760882166
198,198,4,0.181369958715816,0.00227708678309404
199,199,40,0.180049715664985,0.0022506908507887
200,200,11,0.177129464117814,0.00219197910621681
201,201,4,0.183536171469056,0.00232022463267848
202,202,5,0.178758439191849,0.00222484325144928
203,203,1,0.1832175785938,0.00231387203214127
204,204,4,0.180899660200712,0.00226775084330993
205,205,52,0.182543826388814,0.00230042885089915
206,206,2,0.181850415230457,0.00228670355492696
207,207,1,0.179600058470856,0.00224162672671362
208,208,3,0.178981879580384,0.00222926526920587
209,209,16,0.177588425737841,0.00220112264759755
210,210,3,0.178291074511894,0.00221539071283424
211,211,4,0.178237298361753,0.00221434786334678
212,212,2,0.18028343185348,0.0022554280468971
213,213,4,0.1856172419362,0.00236122853499239
214,214,4,0.177988858046568,0.00220931554581434
215,215,21,0.181476685268689,0.00227926215158609
216,216,9,0.180903843573814,0.00226776542462839
217,217,4,0.177379451564311,0.00219681224975612
218,218,4,0.179334108446095,0.0022363386283468
219,219,5,0.178599950149399,0.00222169111896337
220,220,4,0.181869273272126,0.00228709986526206
221,221,1,0.181365909271324,0.00227706731497928
222,222,5,0.178913346750509,0.00222795670764909
223,223,5,0.17821936325101,0.00221404069641103
224,224,4,0.185415409422484,0.00235751970236468
225,225,8,0.185897223846423,0.00236674539193157
226,226,5,0.180097251479147,0.00225170655306135
227,227,1,0.182251185798918,0.00229472119016123
228,228,14,0.179694569768084,0.00224359605028469
229,229,3,0.177539811533228,0.0022003728257271
230,230,14,0.177387038026036,0.0021972993657713
231,231,4,0.178797334211342,0.00222548381871034
232,232,12,0.185912617483261,0.00236736846139101
233,233,4,0.182252388757355,0.00229474188531025
234,234,33,0.183878862238583,0.00232698498693548
235,235,6,0.178232823109005,0.0022143055241107
236,236,4,0.181439748667002,0.00227844780554605
237,237,16,0.185534999243472,0.00235989021227656
238,238,5,0.178757994797292,0.00222483600693751
239,239,18,0.176905229171461,0.00218742834309311
240,240,4,0.178717603138466,0.00222405035018243
241,241,2,0.185727033263236,0.00236344835073843
242,242,9,0.179051619239468,0.00223069736563511
243,243,4,0.178773452555201,0.00222516656207501
244,244,4,0.179763787686808,0.00224479928839624
245,245,20,0.177779746016095,0.00220499719119205
246,246,17,0.177447805027402,0.00219832547964829
247,247,1,0.178555490041647,0.00222080019799768
248,248,2,0.181934407821616,0.00228837564147294
249,249,1,0.17803126617549,0.00221020352568297
250,250,20,0.185391251801012,0.00235679143332928
251,251,9,0.178407213901084,0.00221773693834514
252,252,21,0.178579727469482,0.00222121973004037
253,253,4,0.177573048868769,0.00220092038846859
254,254,3,0.180339481463683,0.00225655249202747
255,255,4,0.178935116098046,0.0022282889800678
256,256,5,0.178618351129394,0.00222188727755818
257,257,4,0.177386007180168,0.00219697119562043
258,258,11,0.178374688436378,0.00221713379011029
259,259,21,0.186566605230866,0.00238020210320031
260,260,5,0.177276742927312,0.00219477463509842
261,261,3,0.183456289809971,0.00231866274916704
262,262,4,0.179767226109058,0.00224510237632865
263,263,3,0.184389355446903,0.00233707901944217
264,264,8,0.179102951332816,0.00223172019595851
265,265,1,0.178343343595688,0.00221652169696029
266,266,33,0.178337970470021,0.00221640690968839
267,267,55,0.178944182427925,0.00222851440961671
268,268,7,0.185550445266464,0.00236021926837506
269,269,27,0.177113954336051,0.00219142737888143
270,270,4,0.184846765211671,0.0023460570427797
271,271,5,0.179675723410449,0.00224312898544805
272,272,9,0.183748997014062,0.00232442118957259
273,273,5,0.180294878091035,0.002255667019822
274,274,38,0.18020179467537,0.00225369789732051
275,275,9,0.177230003013564,0.0021941351167646
276,276,5,0.177495619233788,0.002199174203539
277,277,25,0.178216424509532,0.00221395510772686
278,278,8,0.180663678335493,0.00226301772430463
279,279,8,0.177019076832594,0.00218957487862079
280,280,1,0.181282746919798,0.00227540679901035
281,281,3,0.179574304091333,0.00224094114136165
282,282,7,0.178409986096441,0.00221787193799683
283,283,12,0.18005410856388,0.00225084852623611
284,284,5,0.176875420828159,0.00218653846889725
285,285,6,0.177356403140728,0.00219659367010565
286,286,11,0.177380322907657,0.00219716391158953
287,287,2,0.180236173144693,0.00225436244068083
288,288,4,0.178989721697672,0.00222947316280604
289,289,1,0.178705003470216,0.00222380054834984
290,290,4,0.177766702082929,0.00220493515963793
291,291,7,0.177728544743946,0.00220416881249399
292,292,5,0.182550185148943,0.00230067327567295
293,293,9,0.181627355318974,0.0022820316584645
294,294,3,0.185970824150164,0.00236845666360224
295,295,4,0.177888700421458,0.00220738392719384
296,296,31,0.180859882648654,0.00226688194963819
297,297,4,0.177267502695791,0.00219471306099265
298,298,4,0.177383890014895,0.00219723644240461
299,299,54,0.178062242657197,0.00221077958850896
300,300,8,0.17937955434172,0.00223722097760803
301,301,4,0.18287108400067,0.00230699619091284
302,302,4,0.182509747913069,0.00229986937304077
303,303,4,0.182890905364082,0.0023074398566083
304,304,14,0.181322913394774,0.00227621072998167
305,305,5,0.182632016202302,0.00230229296428104
306,306,1,0.181223436986306,0.00227411704034268
307,307,31,0.178795890690756,0.00222561900272556
308,308,4,0.182932757197038,0.00230826797782644
309,309,8,0.176819427022876,0.00218563093471323
310,310,8,0.183106468085865,0.00231171867800131
311,311,23,0.177631716811725,0.00220221940680737
312,312,19,0.183227518072751,0.00231409616804957
313,313,7,0.183377213599238,0.00231675055405679
314,314,1,0.186412841719007,0.00237722799151362
315,315,8,0.180137708364714,0.00225251474713472
316,316,20,0.178647868696481,0.00222257137369418
317,317,11,0.180180044240967,0.00225324247753965
318,318,43,0.18271523432744,0.00230394115313682
319,319,4,0.180553972662612,0.00226081497263192
320,320,30,0.178394556681117,0.0022175136814812
321,321,20,0.182228649984967,0.00229412356019777
322,322,4,0.179223151881312,0.0022341528783635
323,323,2,0.178523986983034,0.00222013494172454
324,324,6,0.179992901767635,0.0022494803332489
325,325,15,0.177212283035462,0.00219372266557087
326,326,1,0.177323372397777,0.00219598843632329
327,327,24,0.178681781986434,0.00222324322737548
328,328,5,0.177569937966376,0.00220084033355994
329,329,4,0.177976084180175,0.00220898980005128
330,330,13,0.178797248994986,0.002225627540437
331,331,4,0.177637656094886,0.00220216986906597
332,332,4,0.183069608943168,0.00231065087436473
333,333,8,0.178135269849311,0.00221231693123834
334,334,5,0.185413926105221,0.00235752013252746
335,335,16,0.180691056782221,0.00226350128314407
336,336,12,0.179967141518032,0.00224910543239396
337,337,12,0.178454012933133,0.00221873933316947
338,338,11,0.182977597584273,0.00230916257258986
339,339,12,0.182067867228659,0.00229094855275356
340,340,6,0.177652792286395,0.00220237571185556
341,341,7,0.182287050026117,0.00229542422377322
342,342,8,0.182900626428528,0.00230743131001433
343,343,5,0.179317980007179,0.00223602100803902
344,344,24,0.182812803473862,0.00230556819024087
345,345,38,0.178003028882639,0.00220968413837528
346,346,4,0.18131769328129,0.00227592492991298
347,347,8,0.179298336467574,0.00223564007904619
348,348,8,0.18016503945821,0.00225306301662357
349,349,3,0.178718633606146,0.00222402835906057
350,350,2,0.177645009668856,0.00220235567990838
351,351,109,0.178187556100237,0.00221338739529465
352,352,8,0.183339465409273,0.00231626457936874
353,353,1,0.178933056629997,0.00222831710548114
354,354,36,0.182089494068764,0.00229121862442315
355,355,4,0.177212933544559,0.00219375618587134
356,356,1,0.183577816091794,0.00232104365477281
357,357,4,0.177947976713835,0.00220858953970309
358,358,4,0.177798555359629,0.00220558318647973
359,359,5,0.178117739665072,0.00221199141312525
360,360,33,0.180662389640122,0.00226298356555508
361,361,4,0.179303373724951,0.00223579588038281
362,362,5,0.179550994428374,0.00224068028651773
363,363,20,0.178442201239148,0.0022184851956094
364,364,2,0.177028834801358,0.00219002459630892
365,365,11,0.178297482765952,0.00221559045206168
366,366,7,0.182592322172375,0.00230151018120937
367,367,3,0.176901566342253,0.00218733489846778
368,368,7,0.177779754932319,0.00220519651349626
369,369,3,0.184876207770283,0.0023465946959117
370,370,2,0.181612004831551,0.00228197653326286
371,371,4,0.183118200794759,0.00231162800940453
372,372,3,0.181790956846175,0.00228548115546107
373,373,11,0.182548382286915,0.00230063406400506
374,374,12,0.178250832033686,0.00221464103604
375,375,5,0.17851248283281,0.00221980176576192
376,376,2,0.178016080960982,0.00220980602915458
377,377,6,0.176803337768756,0.00218523365465258
378,378,4,0.177134365543776,0.00219211005807614
379,379,4,0.179002170476789,0.00222961106115957
380,380,4,0.177208098831744,0.00219341162810613
381,381,9,0.183062077173643,0.00231070174891121
382,382,1,0.177866771879503,0.00220695542840861
383,383,4,0.179341677814127,0.00223653830114919
384,384,4,0.177430735911141,0.0021980940151907
385,385,4,0.1784364319573,0.00221840723935615
386,386,6,0.178383630404918,0.00221733343387832
387,387,1,0.180644238376063,0.00226263364838118
388,388,8,0.180910885602612,0.00226797482138042
389,389,4,0.17724503405737,0.00219443282657321
390,390,2,0.183332045264279,0.00231597500287961
391,391,4,0.178508656201754,0.00221970658517577
392,392,10,0.185845738099153,0.00236601126544581
393,393,13,0.180413192189824,0.00225797141029351
394,394,6,0.182164728579065,0.00229299779357064
395,395,12,0.17875101630947,0.00222472650598036
396,396,13,0.179186064793709,0.00223343811823993
397,397,38,0.179259985667756,0.00223487579021218
398,398,5,0.177258718063497,0.00219449364179393
399,399,1,0.183544760928451,0.00232016980452228
400,400,6,0.181197887522364,0.00227371476276275
401,401,5,0.177213761296501,0.00219355041805312
402,402,1,0.181868223406275,0.00228707317734563
403,403,3,0.17948629140723,0.00223936609035659
404,404,1,0.179774341238921,0.00224519669412752
405,405,6,0.178495402900887,0.00221944169255517
406,406,4,0.178179920414672,0.00221317291797066
407,407,11,0.17851116973037,0.00221985763954439
408,408,1,0.179067514387031,0.00223107145458338
409,409,16,0.177649785063106,0.00220258859762198
410,410,10,0.178070897533665,0.00221103598939248
411,411,17,0.185496780137993,0.00235907860239626
412,412,3,0.179054240680299,0.00223068095882001
413,413,9,0.178893202334343,0.00222743101802051
414,414,8,0.17776794226313,0.00220490251895984
415,415,3,0.179651781875996,0.00224248610372489
416,416,15,0.177919444172424,0.00220796734951033
417,417,6,0.179442508723189,0.00223836404098197
418,418,9,0.179219611756001,0.00223405827962503
419,419,24,0.177686977993303,0.00220322758473723
420,420,4,0.185601477895712,0.00236119638841018
421,421,5,0.183958159260094,0.00232866562177103
422,422,4,0.182724938898442,0.00230415425331964
423,423,12,0.17874556303275,0.00222456705460026
424,424,1,0.178296641382711,0.00221559079627092
425,425,3,0.178332174786094,0.00221631076664998
426,426,5,0.178910995097326,0.00222790247862725
427,427,18,0.180090928983551,0.00225158538470925
428,428,9,0.178757680307441,0.00222476313360412
429,429,5,0.177844147254288,0.00220645004182504
430,430,24,0.179044780698343,0.00223060971239695
431,431,10,0.179733480499854,0.0022443711542692
432,432,16,0.177328369043772,0.00219587914166545
433,433,10,0.17895228966308,0.00222866670222838
434,434,44,0.177126083707833,0.0021920425284401
435,435,4,0.178635973800509,0.00222232795186243
436,436,8,0.180363762505063,0.00225703374304332
437,437,13,0.177602049813736,0.00220146077793588
438,438,5,0.181995287318832,0.00228932157474916
439,439,3,0.176932140927935,0.00218792236178041
440,440,8,0.177392150519881,0.00219712075481089
441,441,4,0.178858919661609,0.00222676442426416
442,442,3,0.182122905251462,0.00229216525359977
443,443,4,0.182718114679163,0.0023040050705295
444,444,4,0.17849666298783,0.00221954171809894
445,445,4,0.187375727546698,0.00239616735481574
446,446,4,0.177656092467083,0.00220265331542469
447,447,44,0.180775599900189,0.00226527135323742
448,448,8,0.178427150799412,0.00221804498962738
449,449,23,0.178689658960823,0.0022234156173086
450,450,6,0.183371707112934,0.00231699303025338
451,451,4,0.182236272656361,0.00229429424997345
452,452,4,0.183967540723579,0.00232874064942663
453,453,26,0.178640032882152,0.00222243599058876
454,454,8,0.179093551035697,0.00223159774313279
455,455,24,0.178539635627355,0.00222026235481932
456,456,40,0.178411956538734,0.00221786916203532
457,457,4,0.177957594967623,0.00220870399353572
458,458,5,0.180380974920084,0.00225716343879438
459,459,4,0.176850133191472,0.00218607147756072
460,460,8,0.179759812890518,0.00224479857026555
461,461,7,0.177913143248355,0.00220778913453228
462,462,20,0.1828657106862,0.00230687556017344
463,463,7,0.179473150582895,0.00223912413063673
464,464,3,0.179344333517329,0.00223659537364767
465,465,1,0.177167796647775,0.00219276194533339
466,466,25,0.178336283108316,0.00221635629129879
467,467,2,0.182151976538975,0.00229261977686009
468,468,3,0.178622450621623,0.0022220134692459
469,469,30,0.184484888530958,0.00233909192989378
470,470,13,0.179448298207383,0.00223861065843386
471,471,9,0.177360033580985,0.00219673171499006
472,472,5,0.178931356953451,0.00222833819483713
473,473,8,0.185896374697909,0.00236701996657598
474,474,14,0.180853477022444,0.00226674388037117
475,475,8,0.179593795465574,0.00224154335277381
476,476,12,0.177577258079841,0.00220084961445491
477,477,30,0.178401269322969,0.0022176591555192
478,478,10,0.178570441054108,0.00222107888746737
479,479,7,0.178922033390573,0.00222813991876185
480,480,11,0.178374817470727,0.00221714476144927
481,481,6,0.178390812082538,0.00221732256047846
482,482,7,0.18379584537894,0.00232535697363814
483,483,3,0.177079884313524,0.00219091037308298
484,484,20,0.176985061532434,0.00218889933589558
485,485,4,0.185107889306506,0.00235117783384401
486,486,5,0.183498420081622,0.00231949345486664
487,487,14,0.178042867402463,0.00221048725169256
488,488,16,0.184815891220643,0.00234565748560539
489,489,1,0.185598692219863,0.00236117560753679
490,490,1,0.177460670890059,0.00219878241708042
491,491,11,0.178786956829499,0.00222540199374898
492,492,4,0.17863716987204,0.0022224397147787
493,493,27,0.178464658269948,0.00221876232806503
494,494,14,0.17783950822454,0.00220640438565066
495,495,4,0.177562462555332,0.00220065156898836
496,496,6,0.179414275552377,0.00223803215489057
497,497,3,0.177769740064759,0.002204978485427
498,498,7,0.179805208463225,0.00224586146904229
499,499,14,0.18003978851982,0.00225044753902696
500,500,5,0.183406671424896,0.00231766240926753
501,501,4,0.18048998730293,0.00225956333175888
502,502,4,0.178327422397757,0.00221621828750004
503,503,4,0.180731532124273,0.00226430884372695
504,504,10,0.185338963148634,0.00235568211335265
505,505,2,0.179259420672696,0.00223481060780431
506,506,6,0.18255218017257,0.00230071019431517
507,507,31,0.178172068029178,0.00221296880072012
508,508,3,0.17829338636586,0.00221545161095135
509,509,5,0.18249900671576,0.00229963812701209
510,510,4,0.181782028280763,0.002285345494679
511,511,6,0.178026413799036,0.00221013613208786
512,512,4,0.178592070415314,0.00222153432489324
513,513,5,0.178309232589317,0.00221565791352231
514,514,19,0.178162486157033,0.0022128470218733
515,515,19,0.180532005524504,0.00226040494347755
516,516,4,0.186566873525494,0.00238028928775109
517,517,22,0.180857166476915,0.00226690013152233
518,518,8,0.18575144655297,0.00236385514601779
519,519,5,0.179060144691913,0.00223083912538566
520,520,5,0.177100232913253,0.00219150806759735
521,521,9,0.179381510463002,0.00223734261829926
522,522,13,0.178101054505967,0.00221163478827821
523,523,3,0.178549267121693,0.00222053377616977
524,524,8,0.178372660472033,0.00221711951709951
525,525,31,0.179221599553423,0.00223411054833879
526,526,14,0.178521412161028,0.00222002911657163
527,527,5,0.183326358431248,0.00231608875431759
528,528,14,0.178482032784646,0.00221932443031203
529,529,4,0.186308245827223,0.00237515220489351
530,530,1,0.184818544845994,0.00234572591453792
531,531,18,0.177500963256885,0.00219948171676939
532,532,8,0.182759840046644,0.00230483140072137
533,533,5,0.17917914381431,0.0022332383774367
534,534,24,0.178678830813598,0.00222310271853246
535,535,9,0.177877619723321,0.00220714758645633
536,536,4,0.183328194698486,0.00231576508993698
537,537,8,0.178472565012471,0.00221913174507382
538,538,8,0.178087837263386,0.00221134913502638
539,539,5,0.179986269945409,0.00224938372960976
540,540,10,0.180580574952072,0.00226134567250749
541,541,8,0.177438071804717,0.00219808482529694
542,542,5,0.178655494287053,0.00222273798820675
543,543,6,0.179132322458107,0.00223225926725045
544,544,6,0.177823654599235,0.00220608495959275
545,545,35,0.177963167347846,0.00220888032854507
546,546,1,0.185361716023358,0.00235597138699152
547,547,26,0.180147842950055,0.00225269370622217
548,548,8,0.180189739858533,0.00225327633785251
549,549,2,0.179171098136975,0.00223315250276886
550,550,8,0.178256187107149,0.00221470916097851
551,551,8,0.18344522850531,0.00231828947716174
552,552,5,0.178196126989685,0.00221344717743362
553,553,10,0.181570104149209,0.00228110860228834
554,554,1,0.180938911044703,0.00226853204142847
555,555,13,0.177583051682481,0.00220099092307866
556,556,6,0.179141063710516,0.00223247972964598
557,557,4,0.177994903188888,0.00220948755434648
558,558,10,0.177792287029983,0.00220545716046025
559,559,4,0.176904737207135,0.00218724742581667
560,560,4,0.179185992783473,0.00223342951418507
561,561,1,0.177179207811205,0.00219286344495358
562,562,20,0.179169845600376,0.00223300539199119
563,563,45,0.17842869668671,0.00221819232689535
564,564,4,0.183368529927294,0.00231692129493147
565,565,13,0.179352432286338,0.00223662206101492
566,566,11,0.177784349859843,0.00220529295456
567,567,10,0.179170572652327,0.00223308479174665
568,568,4,0.18003224766191,0.00225013863513589
569,569,4,0.177505695439549,0.0021996799857252
570,570,9,0.177827659525465,0.00220616791854228
571,571,11,0.184036459036487,0.00233004526130689
572,572,9,0.18504338474546,0.00234998877410324
573,573,19,0.178659410752029,0.00222272410090605
574,574,16,0.185802497728652,0.0023648755345502
575,575,15,0.178214629390026,0.00221385060445016
576,576,15,0.183014210364336,0.00230973674988255
577,577,6,0.177518793002035,0.00219994563790957
578,578,30,0.177132136263598,0.00219214180262702
579,579,4,0.17860566940061,0.00222178165304344
580,580,7,0.178707035893902,0.00222372451814091
581,581,9,0.178177725361658,0.0022131145189212
582,582,1,0.180064251113303,0.00225085098719372
583,583,1,0.176854078518532,0.0021865528983504
584,584,27,0.182036668859491,0.00229042772482207
585,585,5,0.177143338359484,0.00219237961191839
586,586,5,0.185957692225703,0.00236825707942858
587,587,3,0.178678413768399,0.00222326471517103
588,588,12,0.182293233744047,0.00229555804113815
589,589,4,0.178052214173619,0.00221052534067093
590,590,4,0.17791713345159,0.0022078974369016
591,591,1,0.184372471669224,0.00233670272109915
592,592,4,0.179128557112978,0.00223223752863634
593,593,1,0.177303094320759,0.00219560709981506
594,594,3,0.177882457585498,0.00220723681266619
595,595,7,0.176956311829116,0.00218858097308715
596,596,5,0.180246042867415,0.00225443783849685
597,597,24,0.184796967857982,0.00234492571821515
598,598,1,0.177566407216925,0.00220075068016464
599,599,4,0.17902805819631,0.00223028133120746
600,600,1,0.177313565427246,0.00219581918230683
601,601,5,0.185853514219243,0.00236589491926447
602,602,6,0.178911876597716,0.00222790847245889
603,603,4,0.17688337645341,0.00218710815607292
604,604,1,0.179277478663428,0.00223504463898516
605,605,7,0.179431403428755,0.00223811716599334
606,606,7,0.184715544006385,0.00234367314342065
607,607,1,0.178484338968672,0.00221936923818591
608,608,2,0.177717962385387,0.00220396177597646
609,609,5,0.183507615807437,0.00231957787927509
610,610,5,0.176841025833461,0.00218629001191375
611,611,5,0.178604494777279,0.00222176398022974
612,612,4,0.179214899864119,0.00223403390728883
613,613,18,0.178124380764331,0.00221196127094727
614,614,14,0.179212569389466,0.00223393144150569
615,615,6,0.185273286564756,0.00235469571759219
616,616,4,0.183125053514092,0.00231202153090715
617,617,4,0.178183463743018,0.00221331154969572
618,618,5,0.181186072056485,0.00227338117892745
619,619,6,0.177397875866123,0.00219726074495878
620,620,6,0.176897029450588,0.00218742307652336
621,621,11,0.178595123335364,0.00222159633393559
622,622,4,0.185839031569122,0.00236586595045604
623,623,8,0.178835691193754,0.00222641067046326
624,624,21,0.181762212195332,0.00228493799697471
625,625,5,0.180840115787613,0.00226653047760863
626,626,9,0.177654101634553,0.00220266965758569
627,627,7,0.1780255670623,0.00221004802409177
628,628,14,0.178064873934665,0.00221084890222965
629,629,8,0.179189225884442,0.00223348965860255
630,630,3,0.181528480379527,0.00228031084032296
631,631,12,0.178441850150877,0.00221841230383427
632,632,3,0.179813374949771,0.00224597425370935
633,633,11,0.176911328605385,0.00218758719024641
634,634,1,0.17760575787036,0.00220155443111852
635,635,4,0.180534860894625,0.00226046488403173
636,636,10,0.180743546383115,0.00226463869685825
637,637,8,0.179456303410004,0.00223881294945662
638,638,8,0.185676554959169,0.00236244025633891
639,639,18,0.180918606442592,0.00226800209636757
640,640,4,0.17833839833096,0.00221635544573987
641,641,8,0.178346123235936,0.00221652403559201
642,642,18,0.177613910180015,0.00220186515956447
643,643,15,0.180615946979492,0.00226208545846096
644,644,13,0.176893009298048,0.00218711981503659
645,645,15,0.180120702974158,0.00225207114883378
646,646,5,0.176991330787341,0.0021893078020868
647,647,8,0.178336657596862,0.00221637291433713
648,648,8,0.182422164141142,0.0022981260555866
649,649,17,0.178646472711024,0.00222260390293102
650,650,1,0.178464135730933,0.00221895490281814
651,651,1,0.181399651772191,0.00227769187287572
652,652,19,0.180889785066774,0.00226745450412274
653,653,13,0.179378342127,0.00223731066456425
654,654,1,0.179836291766368,0.00224640396294454
655,655,6,0.185589641330341,0.00236091173988241
656,656,14,0.180008433976973,0.00224993291407752
657,657,1,0.182078425700205,0.0022912572227369
658,658,8,0.179275534809735,0.00223516475703496
659,659,2,0.179146341031852,0.00223264934506247
660,660,11,0.178982191248833,0.00222936641334062
661,661,16,0.18436599305321,0.00233661426098091
662,662,4,0.179459749161163,0.00223893779291257
663,663,18,0.180290041646258,0.00225556773492127
664,664,7,0.178221793946388,0.00221407985759876
665,665,25,0.1779408565745,0.0022083379886361
666,666,81,0.179144732578561,0.00223257748309315
667,667,2,0.177616033036451,0.00220190484275195
668,668,5,0.176988279525963,0.00218925701447667
669,669,47,0.178716922800215,0.00222400819488583
670,670,7,0.179976470118131,0.00224926499917341
671,671,9,0.179387166006026,0.00223722129377079
672,672,10,0.179972294644781,0.00224921106194565
673,673,7,0.17989134026011,0.00224752657366568
674,674,1,0.179852295994512,0.00224649725020199
675,675,16,0.179377230519432,0.00223722486627246
676,676,4,0.181572944640705,0.00228120009048273
677,677,4,0.178634695057946,0.00222235014116914
678,678,12,0.182166992598818,0.0022930397215357
679,679,9,0.177663844145312,0.00220264592645821
680,680,6,0.17776485605449,0.00220490165869496
681,681,4,0.179342302798521,0.00223657962932008
682,682,9,0.179303619117769,0.00223579466354148
683,683,2,0.180088244156422,0.00225152992699261
684,684,4,0.179029170481067,0.00223027481200491
685,685,4,0.181189148691675,0.00227347624415599
686,686,6,0.178545258829894,0.00222043449667912
687,687,4,0.179121302968617,0.00223207893173892
688,688,9,0.178446650628223,0.00221853777960791
689,689,4,0.178335238768998,0.00221636466386914
690,690,9,0.181779994530479,0.00228529633598215
691,691,24,0.17831519818894,0.00221577114432463
692,692,19,0.17868174818262,0.00222330732354978
693,693,16,0.178350069611278,0.00221649144384043
694,694,8,0.178447214271607,0.00221862190220295
695,695,5,0.182637630483509,0.00230241562992714
696,696,16,0.178060584846885,0.00221081769460879
697,697,3,0.179091446937615,0.00223134121002611
698,698,4,0.178631846812312,0.0022223335103706
699,699,3,0.178804447765939,0.00222577910177195
700,700,2,0.185391762526478,0.00235704706904967
701,701,3,0.179508620044728,0.00223965793434257
702,702,6,0.184480881468589,0.00233900380432278
703,703,5,0.179763777023159,0.00224493136298735
704,704,15,0.17967194118681,0.00224310519577901
705,705,18,0.180283068674993,0.0022553279891079
706,706,4,0.179708183570641,0.00224365184141697
707,707,4,0.177756286610027,0.00220459245536632
708,708,10,0.17908564529512,0.002231431487273
709,709,12,0.181996170171579,0.00228963984132478
710,710,20,0.177167825548118,0.00219258447586834
711,711,5,0.178353429317972,0.0022166830582767
712,712,2,0.182581230049542,0.00230126521613932
713,713,3,0.178952102977664,0.00222874617370524
714,714,1,0.179565840321743,0.00224096418546349
715,715,6,0.182935578983903,0.00230833092086549
716,716,5,0.17710013873,0.00219143988437807
717,717,4,0.179463984360412,0.00223899489963828
718,718,7,0.179093511303988,0.00223154217280808
719,719,3,0.178558817629944,0.00222082881015227
720,720,1,0.180126693934241,0.00225229780616175
721,721,5,0.178356917508606,0.00221680785819137
722,722,6,0.180826503466524,0.00226604602853537
723,723,4,0.17898775251324,0.0022294403842338
724,724,4,0.17877317038406,0.00222510202270079
725,725,6,0.182460407184745,0.00229887924068597
726,726,3,0.180582864553937,0.00226142263537158
727,727,5,0.180705806269422,0.00226387602953213
728,728,9,0.185545084282539,0.00236003968726024
729,729,13,0.183712406001563,0.0023237181712781
730,730,15,0.181650191912979,0.00228264365260567
731,731,5,0.179016617173676,0.00223000252914673
732,732,12,0.179735578119869,0.00224446874297135
733,733,7,0.180806636069588,0.00226587566185412
734,734,2,0.178825277709658,0.00222609995577527
735,735,7,0.180030956720637,0.00225036149291173
736,736,5,0.177918498722081,0.00220793718928341
737,737,1,0.180154899519871,0.00225273171429056
738,738,4,0.18008512155816,0.00225146451261125
739,739,47,0.177420353644719,0.00219765261388133
740,740,9,0.178181917562324,0.00221326669585421
741,741,8,0.178064456188578,0.00221093061671441
742,742,19,0.179380517506846,0.00223731325482418
743,743,8,0.179105513567255,0.0022317325235767
744,744,2,0.182723936519991,0.00230413288110977
745,745,3,0.185052971379065,0.00235020085428268
746,746,13,0.177575746223103,0.00220099101581213
747,747,5,0.178220484417409,0.00221400895718468
748,748,26,0.182378691781307,0.00229725971018602
749,749,1,0.17781517906121,0.00220570158657464
750,750,42,0.179855881830818,0.00224675457429817
751,751,1,0.178428499621829,0.00221824183510373
752,752,1,0.182634357523082,0.00230234451201451
753,753,11,0.177122914125264,0.00219181043255112
754,754,4,0.180777744366595,0.00226525496288059
755,755,5,0.183754178584377,0.00232453893450434
756,756,4,0.183842664429926,0.00232629196005653
757,757,8,0.179855438781791,0.00224686912918967
758,758,2,0.177318303599849,0.00219581724277236
759,759,37,0.181389855678829,0.00227752414831365
760,760,6,0.177005930197234,0.00218941483520378
761,761,6,0.178272847401425,0.00221511184422773
762,762,2,0.182357259609279,0.00229678772695486
763,763,1,0.183699286105393,0.0023232931994386
764,764,34,0.179398907159333,0.00223757526688163
765,765,12,0.18119626731089,0.00227368192828068
766,766,50,0.18580745668288,0.00236526925833768
767,767,9,0.18088810837124,0.00226750153772692
768,768,4,0.179843975948438,0.00224654141938514
769,769,12,0.179382066764671,0.00223736202029391
770,770,9,0.177395804499018,0.00219740875498192
771,771,7,0.177581278919987,0.00220119785066462
772,772,9,0.180214441258026,0.00225405760835606
773,773,8,0.177137617588034,0.00219220327329876
774,774,4,0.17906441229149,0.00223101494001159
775,775,1,0.17841887574676,0.00221803775575578
776,776,3,0.182163819174712,0.0022929607161959
777,777,4,0.185847094781615,0.00236553473522174
778,778,17,0.179146881067672,0.00223265463002454
779,779,15,0.177611920714458,0.00220171311862756
780,780,16,0.178262681021756,0.00221489567291992
781,781,17,0.178072467720397,0.00221107274269993
782,782,1,0.183689905836463,0.00232320737248076
783,783,1,0.180359720824696,0.00225694701823408
784,784,8,0.178444464027589,0.00221847992039031
785,785,18,0.179658027256447,0.00224288743384371
786,786,4,0.177795629140522,0.00220552493375759
787,787,4,0.179772461997789,0.00224520937803636
788,788,7,0.178450660279904,0.00221865311294751
789,789,22,0.178047513529978,0.00221058511389244
790,790,4,0.181281326361921,0.0022753590613569
791,791,7,0.179029800124346,0.00223030670727359
792,792,2,0.182720523254434,0.0023040582671576
793,793,4,0.185723368456525,0.0023636215440475
794,794,5,0.184892653919156,0.00234707399782549
795,795,5,0.179062950370161,0.00223087272950852
796,796,69,0.178227776985328,0.00221419832937593
797,797,8,0.177766446980589,0.00220485959394248
798,798,3,0.182422497652536,0.00229812418569041
799,799,8,0.177469423600367,0.00219894653702826
800,800,5,0.184309076373563,0.00233559236987945
801,801,19,0.178628170721194,0.0022222087387274
802,802,3,0.178409220374107,0.00221779074430855
803,803,19,0.178912826465631,0.00222793749150228
804,804,3,0.177986297352235,0.00220924856895108
805,805,3,0.177593384233886,0.00220124488748273
806,806,5,0.177724086857933,0.00220408435166532
807,807,5,0.17906467727349,0.00223098125505637
808,808,7,0.185696649551692,0.00236311526665755
809,809,11,0.177264438580891,0.00219482750019559
810,810,22,0.183038406640682,0.00231030266618018
811,811,12,0.176877094639968,0.00218672677880843
812,812,5,0.183356138213103,0.0023166413491306
813,813,14,0.179594453907191,0.00224147670873331
814,814,16,0.178472021998838,0.00221897782345338
815,815,5,0.17976003836007,0.002244840041187
816,816,25,0.18049477755697,0.00225931962482084
817,817,19,0.183707499368511,0.00232360670692946
818,818,6,0.182848949803491,0.002306609092217
819,819,5,0.179577895028771,0.00224119343322628
820,820,8,0.179342484300165,0.00223656345383788
821,821,6,0.178145571736355,0.00221251168569714
822,822,16,0.184431175145975,0.00233790116853605
823,823,24,0.180896253447538,0.00226740690426208
824,824,4,0.187593292579664,0.00240049702094006
825,825,5,0.181012921734337,0.00226999578470129
826,826,18,0.183583404295959,0.00232091965214677
827,827,1,0.18009348748411,0.00225158661146585
828,828,22,0.180624122091287,0.00226224197574192
829,829,14,0.178378434665239,0.00221722266906776
830,830,9,0.177858686684,0.00220678768050643
831,831,1,0.179207729886025,0.00223375010588775
832,832,8,0.177055643838241,0.00219048729324885
833,833,6,0.182034787876493,0.00229040566575365
834,834,10,0.177351629365048,0.00219628897604442
835,835,3,0.185584363322552,0.00236087214069566
836,836,14,0.179775945415171,0.00224527642405109
837,837,7,0.180115228967268,0.00225205360050252
838,838,4,0.180442256043537,0.00225850394421274
839,839,19,0.178530491432284,0.00222021252128751
840,840,3,0.177499021095094,0.00219955426927748
841,841,7,0.177839858476884,0.00220632611298646
842,842,6,0.178432676341153,0.00221832933870882
843,843,4,0.187045228432218,0.00238965695270706
844,844,5,0.177175605825885,0.00219301549944985
845,845,5,0.179029144554856,0.0022302989321062
846,846,5,0.183489938119956,0.00231930136464307
847,847,4,0.179011479767161,0.0022298164903807
848,848,18,0.180209885728431,0.00225390026678446
849,849,7,0.178993560684043,0.00222956578262715
850,850,19,0.177875475093829,0.00220704187055222
851,851,6,0.179460882814497,0.00223894379538526
852,852,2,0.185917017578717,0.00236746186042668
853,853,5,0.178754439215218,0.00222461526922529
854,854,20,0.179068420304315,0.00223108499728921
855,855,7,0.177508635026259,0.00219972022825928
856,856,25,0.178793214877104,0.00222553746845343
857,857,30,0.18311393658216,0.00231188584116761
858,858,5,0.177188627376928,0.00219293849395727
859,859,9,0.184389634349127,0.00233719172392695
860,860,7,0.181283073112746,0.00227541032750261
861,861,8,0.178285133022481,0.00221532428166895
862,862,9,0.178330551416944,0.00221619313850613
863,863,4,0.18484799722753,0.00234629020115475
864,864,1,0.177418898443128,0.00219794118105687
865,865,1,0.183492855361125,0.00231924371699564
866,866,10,0.178122458401374,0.00221209100155629
867,867,5,0.178728001781491,0.00222424615922143
868,868,46,0.178586846491773,0.00222137469975834
869,869,14,0.180134186621204,0.00225245149639236
870,870,12,0.177208216651528,0.00219360164629485
871,871,22,0.177174726996475,0.00219300473277887
872,872,8,0.177654709926896,0.0022026128500418
873,873,7,0.180606192257754,0.0022617899500687
874,874,9,0.178599819470782,0.00222165569965386
875,875,7,0.185074853608403,0.00235057957521135
876,876,11,0.180021725499789,0.00225008304392747
877,877,3,0.177874071852962,0.00220699358135029
878,878,1,0.181785554774907,0.00228543758671705
879,879,11,0.178748115926569,0.00222456239003299
880,880,16,0.186469728295997,0.00237828389485326
881,881,4,0.179653762135082,0.00224277122700754
882,882,4,0.177807343498273,0.00220573212611572
883,883,11,0.179009699536538,0.00222985173666393
884,884,25,0.179878502117141,0.00224721020766885
885,885,6,0.185909487580283,0.00236719535470254
886,886,4,0.178565408678538,0.00222095676643086
887,887,4,0.177731911188843,0.00220419325531251
888,888,1,0.180161398779769,0.00225298567624118
889,889,5,0.178715590231913,0.00222391243016876
890,890,4,0.179336632362365,0.00223635429255876
891,891,3,0.180011047113004,0.00224998662227433
892,892,4,0.178170054202394,0.00221305448094896
893,893,35,0.178332177655935,0.00221628252817603
894,894,4,0.179576145513223,0.00224122482791596
895,895,4,0.17848622188768,0.00221940438923345
896,896,13,0.179767077206719,0.00224501271404985
897,897,4,0.184160147608103,0.00233262702437104
898,898,52,0.182825386097623,0.00230608217313476
899,899,4,0.179230689027841,0.00223432426496525
900,900,5,0.179777679827096,0.00224530361737735
901,901,8,0.176983589361209,0.00218916870292558
902,902,1,0.1829167550505,0.00230790948345284
903,903,1,0.178938048126756,0.0022283598834221
904,904,4,0.180445376070268,0.00225850371135707
905,905,2,0.176984768006116,0.00218907169371154
906,906,21,0.184490346219818,0.002339040223336
907,907,10,0.178639820538616,0.00222239510165056
908,908,5,0.179896343086335,0.00224765851394486
909,909,1,0.18194968420866,0.00228868408405239
910,910,7,0.178796846434903,0.00222561086873662
911,911,35,0.179717929732493,0.00224398576469367
912,912,1,0.181359098594754,0.00227688657942965
913,913,4,0.177609048504916,0.00220163856125693
914,914,33,0.181801662188194,0.00228571821294334
915,915,5,0.178332620741009,0.00221624846560285
916,916,6,0.179342858868742,0.00223657878604767
917,917,6,0.177677292910731,0.00220297976534538
918,918,9,0.178476146863804,0.00221920571359803
919,919,3,0.179155991780197,0.00223276586808103
920,920,12,0.177498204159643,0.00219940961769015
921,921,15,0.180209745665688,0.00225396173410833
922,922,1,0.184934378064819,0.00234778290705534
923,923,11,0.176858763467614,0.00218665057280572
924,924,4,0.179817256958669,0.00224608104780915
925,925,4,0.181363852700507,0.00227695171999681
926,926,1,0.182854378673215,0.00230672872622796
927,927,8,0.187518615553517,0.00239905762512061
928,928,1,0.180197405600602,0.00225353928866661
929,929,10,0.184835289798694,0.00234580126062258
930,930,26,0.180623876210188,0.00226224128947153
931,931,3,0.181757353858297,0.00228483072309075
932,932,6,0.178254053698482,0.00221465227595007
933,933,3,0.178518860982224,0.00221996304544526
934,934,7,0.185588703524908,0.00236096503700544
935,935,5,0.178475666416265,0.00221906890444171
936,936,9,0.18580731026076,0.00236476207761575
937,937,4,0.178701202999307,0.00222372131938201
938,938,4,0.176897492317811,0.00218723202717909
939,939,10,0.178105656312204,0.00221168994827544
940,940,8,0.178101561979296,0.0022115797291529
941,941,9,0.179525970245419,0.0022401287734822
942,942,3,0.178106164756257,0.00221168441514766
943,943,36,0.178435351866967,0.00221824808664072
944,944,3,0.17873125655675,0.00222418191726197
945,945,24,0.17866475525201,0.00222286936744957
946,946,6,0.178068293224042,0.0022110015876534
947,947,3,0.17821700163448,0.00221391299296049
948,948,1,0.177029406084185,0.00219005669075424
949,949,3,0.179113624712539,0.00223191068032563
950,950,4,0.182147428602345,0.0022926196131985
951,951,5,0.177432581103426,0.00219795023595816
952,952,1,0.179574222963057,0.0022411745563991
953,953,25,0.178737171187486,0.00222429001214424
954,954,3,0.180567103070535,0.00226101436482277
955,955,7,0.185883008230225,0.00236673066494132
956,956,4,0.184671309848855,0.00234279861866473
957,957,3,0.185820259726126,0.00236535966022466
958,958,13,0.178251731597012,0.00221469695516919
959,959,4,0.178312844302602,0.00221591737300839
960,960,9,0.177465874672739,0.00219888340689079
961,961,11,0.181615480612396,0.00228204883342776
962,962,7,0.177904009314418,0.00220755473498557
963,963,4,0.180581982503235,0.00226140755671293
964,964,27,0.178141501325239,0.00221245118013138
965,965,5,0.178066736006972,0.00221095001918787
966,966,5,0.178621221887103,0.00222205762481624
967,967,1,0.179143115022934,0.00223253356125924
968,968,11,0.178135492864257,0.00221223996546277
969,969,4,0.18146840585146,0.00227908113872838
970,970,30,0.180770863422743,0.00226508921623865
971,971,12,0.177557942018333,0.00220073526362633
972,972,4,0.181617260385759,0.00228207931728374
973,973,5,0.178435658150854,0.00221834352817697
974,974,3,0.178540033160018,0.00222047819862969
975,975,6,0.182121931587821,0.00229212862662176
976,976,21,0.186513490067086,0.00237914183767415
977,977,21,0.178522351211178,0.00222003427187193
978,978,4,0.177249109557252,0.0021944982720197
979,979,12,0.178777750750487,0.00222525721403237
980,980,16,0.181544904932016,0.00228049586472552
981,981,8,0.17795606868688,0.00220874056139242
982,982,3,0.182123251737348,0.00229216097263368
983,983,12,0.181232367810294,0.00227434682975082
984,984,6,0.181806327151266,0.00228582114820559
985,985,4,0.177652911511985,0.00220256287748607
986,986,6,0.17723905391794,0.00219418465382955
987,987,5,0.177803169150105,0.00220559331177334
988,988,6,0.185650418566238,0.00236220029576776
989,989,11,0.18197424123357,0.00228916359762529
990,990,8,0.177280109058257,0.00219503841832042
991,991,6,0.177025087146323,0.00218972184605251
992,992,3,0.177989308613834,0.00220941886961497
993,993,24,0.178410589569209,0.00221772367890573
994,994,38,0.179145917635645,0.00223261155623842
995,995,3,0.179465323825654,0.00223895210418044
996,996,82,0.177629426929411,0.00220212193113002
997,997,3,0.178982268824261,0.00222917088305278
998,998,3,0.177562309251853,0.00220082627767916
999,999,5,0.179941212086762,0.00224838582870553
1000,1000,8,0.178697113571923,0.00222357835507583
1001,1001,2,0.183608257461633,0.00232160829248085
1002,1002,4,0.187502710631632,0.00239872100936319
1003,1003,130,0.177762204133387,0.00220474516267998
1004,1004,21,0.178366775746134,0.00221697214999494
1005,1005,17,0.183094734788143,0.0023114549846089
1006,1006,21,0.183494417408208,0.00231940280589435
1007,1007,6,0.177158063052751,0.0021925111517066
1008,1008,3,0.178488599331303,0.00221941146319801
1009,1009,1,0.178679380596458,0.00222323337070654
1010,1010,6,0.182236242461679,0.00229439561732256
1011,1011,8,0.177058360872345,0.00219055893413655
1012,1012,4,0.176882809877059,0.00218686718865048
1013,1013,8,0.185946915250764,0.00236802616831498
1014,1014,16,0.18454575910899,0.0023401677305022
1015,1015,4,0.185552087564731,0.00235975832534596
1016,1016,4,0.17740623887865,0.00219767867678407
1017,1017,17,0.180649223914403,0.00226265990755237
1018,1018,4,0.184538360585728,0.00234016867388811
1019,1019,10,0.187296017199743,0.00239462337186187
1020,1020,5,0.180573992184881,0.00226124566170216
1021,1021,1,0.177468785268933,0.00219886862752202
1022,1022,4,0.182792836322948,0.00230535064094863
1023,1023,12,0.177946932300203,0.00220844669747571
1024,1024,2,0.180845049904164,0.0022666381713795
1025,1025,1,0.177320327120073,0.00219594634479489
1026,1026,11,0.18451467295478,0.00233954189830956
1027,1027,34,0.181429184108106,0.00227830401309273
1028,1028,4,0.177087975677838,0.00219127456101777
1029,1029,8,0.184004740924018,0.002329489323646
1030,1030,3,0.179734038503515,0.0022443125496532
1031,1031,2,0.178293227080157,0.00221552899205147
1032,1032,9,0.182595653409008,0.00230157775563426
1033,1033,3,0.180169550204426,0.0022530875480116
1034,1034,4,0.183907130542894,0.00232749737899524
1035,1035,15,0.182466409106528,0.00229900799725857
1036,1036,22,0.181530863006764,0.00228033738803389
1037,1037,4,0.187035509986278,0.0023894477712549
1038,1038,2,0.178657908143204,0.00222263975318807
1039,1039,4,0.186392798978968,0.00237660774745638
1040,1040,31,0.177542512160303,0.00220015977348205
1041,1041,8,0.185785771731683,0.00236460159841422
1042,1042,23,0.180289769883814,0.00225549130409486
1043,1043,2,0.183624184852599,0.00232196953362968
1044,1044,8,0.178668475948928,0.00222306830653478
1045,1045,25,0.178407560258888,0.00221779502529215
1046,1046,14,0.179453184123483,0.00223860109523246
1047,1047,5,0.178103226109395,0.002211709339063
1048,1048,4,0.177716836086098,0.00220378728019055
1049,1049,9,0.177132121200105,0.00219204929993249
1050,1050,1,0.178818099850483,0.00222606853540807
1051,1051,8,0.179016176971194,0.00223004608475056
1052,1052,9,0.184197957036538,0.00233336069649168
1053,1053,20,0.178564213923701,0.00222088066483772
1054,1054,22,0.177200435008791,0.00219339563790659
1055,1055,54,0.178518811183151,0.00222006355938739
1056,1056,4,0.17728547969038,0.00219523524754369
1057,1057,6,0.18225205163495,0.00229473864521749
1058,1058,8,0.177139222583672,0.00219225879159539
1059,1059,2,0.177956748257472,0.00220871356709742
1060,1060,6,0.178447036693034,0.00221852530252407
1061,1061,12,0.180435863869437,0.00225829221752336
1062,1062,17,0.183314789509678,0.00231582764184333
1063,1063,9,0.177705654295279,0.0022037064803387
1064,1064,4,0.185270197600953,0.00235466922662933
1065,1065,27,0.178152697756854,0.00221269066884215
1066,1066,5,0.187340817923024,0.00239550142988702
1067,1067,4,0.177620408514268,0.00220196051914318
1068,1068,38,0.179224273420303,0.00223418539397185
1069,1069,4,0.177680937867125,0.00220307187823704
1070,1070,4,0.179801681475354,0.00224578720585081
1071,1071,9,0.178986661832418,0.00222938885314304
1072,1072,19,0.18477277207191,0.00234482065416147
1073,1073,4,0.179003894926076,0.00222978731839268
1074,1074,7,0.177545898599924,0.00220045831052886
1075,1075,4,0.183309983701926,0.00231571913871847
1076,1076,59,0.181365060685086,0.00227705176738183
1077,1077,3,0.179893445944859,0.00224758053565617
1078,1078,8,0.177762588245197,0.00220485849448466
1079,1079,32,0.184346194585116,0.00233633358033461
1080,1080,1,0.181238515050317,0.00227452575743782
1081,1081,4,0.183389084253936,0.00231714238094768
1082,1082,8,0.178669471589819,0.00222304209981867
1083,1083,27,0.180991325407495,0.0022694305295254
1084,1084,2,0.177010120123129,0.00218952021240243
1085,1085,4,0.178830318540413,0.00222631775384215
1086,1086,4,0.177921282658615,0.00220780957468948
1087,1087,6,0.178183044444926,0.00221326077689118
1088,1088,5,0.181555880084166,0.00228083289160323
1089,1089,5,0.177636162811611,0.00220231230221402
1090,1090,1,0.178757822278915,0.00222485176411822
1091,1091,2,0.180578880618461,0.00226134693183585
1092,1092,6,0.179419326096935,0.00223808736686991
1093,1093,6,0.178943918112887,0.00222848276191679
1094,1094,10,0.178449749367737,0.00221862438277034
1095,1095,12,0.178478886923722,0.00221915030997803
1096,1096,8,0.177531167535803,0.00220020193179778
1097,1097,4,0.17866857882123,0.00222287601678966
1098,1098,8,0.181526886209239,0.0022802402027943
1099,1099,9,0.180014732871756,0.00225001817543201
1100,1100,9,0.182681303043347,0.00230328545324764
1101,1101,4,0.187909299778867,0.00240675831903597
1102,1102,10,0.181827652375593,0.00228627857148129
1103,1103,4,0.177695079906118,0.00220346565324687
1104,1104,6,0.177841706061914,0.00220637697076709
1105,1105,7,0.179310313411387,0.00223585282353232
1106,1106,6,0.180939820283575,0.00226848680993536
1107,1107,8,0.178911130483191,0.00222793548118332
1108,1108,8,0.178394943223616,0.00221742485844541
1109,1109,1,0.178336607377355,0.00221637982723102
1110,1110,7,0.183186127435752,0.00231328062355949
1111,1111,2,0.182625931138834,0.00230215813463353
1112,1112,4,0.178819119361475,0.00222595809405376
1113,1113,14,0.177850456665274,0.00220656043041662
1114,1114,9,0.181993455056121,0.0022895835554877
1115,1115,60,0.178175858766093,0.00221313635943779
1116,1116,8,0.178319333556608,0.00221600498147841
1117,1117,28,0.178210120263012,0.00221381914401403
1118,1118,7,0.179733870811349,0.00224443606533106
1119,1119,11,0.180294962940086,0.00225552541482479
1120,1120,3,0.177541645905627,0.00220032517589631
1121,1121,4,0.17767523098597,0.0022030995850589
1122,1122,5,0.178815102274349,0.00222585898579482
1123,1123,1,0.180440153963647,0.00225855404364315
1124,1124,6,0.179698079949701,0.00224369488475022
1125,1125,6,0.176990896005815,0.00218904232652858
1126,1126,4,0.177248769552525,0.00219445337754748
1127,1127,10,0.182102970575871,0.00229173016415103
1128,1128,7,0.17901954386589,0.00223001521296177
1129,1129,2,0.178462729620668,0.00221886826687006
1130,1130,8,0.18032118312908,0.00225601769143568
1131,1131,3,0.180129630696007,0.00225235903164547
1132,1132,20,0.178723718730236,0.00222409059398396
1133,1133,4,0.177691348508085,0.00220334511161673
1134,1134,4,0.18029921517787,0.0022557387295355
1135,1135,4,0.177277579428461,0.0021949713144033
1136,1136,16,0.177389779102678,0.00219735298222613
1137,1137,7,0.178521364759837,0.00222011405927011
1138,1138,10,0.1792829480801,0.00223532713061586
1139,1139,4,0.184984510950748,0.00234899412429209
1140,1140,5,0.180178234532046,0.00225331878129288
1141,1141,4,0.178865028110048,0.00222701510401103
1142,1142,5,0.185822335630582,0.00236558787826926
1143,1143,54,0.178037798993293,0.00221037971121034
1144,1144,17,0.176951012488462,0.00218822290372785
1145,1145,10,0.183540447657095,0.00232032153566611
1146,1146,13,0.182423165825965,0.0022981468720303
1147,1147,9,0.177753294918865,0.00220467207937655
1148,1148,13,0.177732392020345,0.00220421301166017
1149,1149,22,0.179335992734968,0.00223646280470392
1150,1150,20,0.178990672449182,0.00222952379481264
1151,1151,14,0.178640795847908,0.00222248186516082
1152,1152,39,0.178504128198296,0.00221970453096653
1153,1153,15,0.178989836641662,0.0022295119565467
1154,1154,3,0.179135000860889,0.00223222308500682
1155,1155,5,0.18140185233184,0.0022777010876447
1156,1156,4,0.178586018464587,0.00222126488504072
1157,1157,4,0.177501660788419,0.00219960567513732
1158,1158,4,0.179261724269523,0.00223492231999597
1159,1159,4,0.178835807671428,0.0022263984391173
1160,1160,5,0.180074045874474,0.00225106853593913
1161,1161,1,0.178717309053508,0.00222399054597115
1162,1162,4,0.179830423124642,0.00224634748568287
1163,1163,4,0.181252855552122,0.00227467583144581
1164,1164,1,0.182335183499063,0.00229639236115449
1165,1165,4,0.177684169357596,0.00220315457246835
1166,1166,16,0.180663406635695,0.00226303580120895
1167,1167,16,0.178756711877736,0.00222478874408802
1168,1168,4,0.185878501994954,0.00236670996456804
1169,1169,4,0.184347498020507,0.00233625592748865
1170,1170,10,0.184228461251329,0.00233393144585456
1171,1171,7,0.177397264662173,0.00219747866384952
1172,1172,1,0.180270200959129,0.00225514301308584
1173,1173,10,0.184125312207695,0.00233180237980512
1174,1174,33,0.177690361008478,0.00220340172139716
1175,1175,5,0.181487779126545,0.00227950001288163
1176,1176,1,0.177483011594739,0.00219902617251342
1177,1177,39,0.179499597933166,0.00223973495520235
1178,1178,10,0.1814332857714,0.00227839358170292
1179,1179,13,0.179381135054664,0.00223736092127569
1180,1180,4,0.184293988482761,0.00233528126325591
1181,1181,4,0.183225793902903,0.00231381691687849
1182,1182,1,0.184981347532384,0.00234872081396722
1183,1183,12,0.17859783100087,0.00222154615152664
1184,1184,11,0.182372298019193,0.00229712070092318
1185,1185,6,0.179096977479025,0.00223154467570601
1186,1186,12,0.177582328183022,0.00220121292790434
1187,1187,4,0.184794260655818,0.00234500496911027
1188,1188,3,0.178572180205127,0.00222105497591393
1189,1189,9,0.179107249276459,0.00223183947667049
1190,1190,1,0.178515830182509,0.00222000328798609
1191,1191,4,0.179330237549292,0.00223634507209092
1192,1192,6,0.177971840816227,0.00220888439378874
1193,1193,8,0.178358388460407,0.002216697417082
1194,1194,2,0.179381879728546,0.00223737119099338
1195,1195,8,0.178688653845955,0.00222331960783309
1196,1196,3,0.178596039383122,0.00222151682490449
1197,1197,1,0.17855829457297,0.00222085649611193
1198,1198,7,0.178988404556013,0.00222943584886002
1199,1199,24,0.177462287276005,0.00219869286486571
1200,1200,4,0.180240439173734,0.00225446497408954
1201,1201,3,0.181605229118055,0.00228174094620812
1202,1202,5,0.180185053844265,0.00225343258923063
1203,1203,4,0.179499501613097,0.00223970653422999
1204,1204,24,0.178443012145946,0.00221836239254202
1205,1205,8,0.180108660000145,0.00225174781097794
1206,1206,9,0.178248794236175,0.00221463798416917
1207,1207,6,0.178373803334803,0.00221713762612061
1208,1208,6,0.177764536195592,0.00220480720463325
1209,1209,3,0.185807137119134,0.00236517093737182
1210,1210,4,0.182199080369024,0.00229366743220056
1211,1211,1,0.178744104426171,0.00222438661988375
1212,1212,4,0.182992237995373,0.00230937885782409
1213,1213,4,0.177197016034139,0.002193308107319
1214,1214,12,0.177881339768218,0.00220719408123017
1215,1215,4,0.178254248414897,0.00221474632393193
1216,1216,5,0.178325965626304,0.00221614855460355
1217,1217,26,0.181541187825162,0.00228050938453196
1218,1218,7,0.177127458675006,0.00219175493842855
1219,1219,8,0.179049128348651,0.0022307018166512
1220,1220,26,0.177553159378932,0.00220063474053854
1221,1221,9,0.178371094731826,0.00221709174925571
1222,1222,19,0.179850013152126,0.00224669104240818
1223,1223,8,0.176801282339717,0.00218503647220042
1224,1224,8,0.179395479853281,0.00223757104915196
1225,1225,5,0.178313846771836,0.00221577134234917
1226,1226,4,0.18564223257356,0.0023619509294999
1227,1227,5,0.179319589918925,0.00223598055514806
1228,1228,38,0.17837281552582,0.00221710222442939
1229,1229,6,0.179578506115237,0.00224131731075388
1230,1230,16,0.179354918926592,0.00223682340996369
1231,1231,22,0.177745015609415,0.00220450010582509
1232,1232,1,0.179421554136034,0.00223815816213096
1233,1233,7,0.178529759088517,0.00222025904259075
1234,1234,4,0.177060670857813,0.00219062129248534
1235,1235,1,0.185744314937306,0.00236405734468794
1236,1236,5,0.180258888089598,0.00225493409589619
1237,1237,4,0.18323177793093,0.00231419218975935
1238,1238,10,0.184221677285553,0.00233372978692346
1239,1239,6,0.180374613917165,0.00225711364260229
1240,1240,4,0.177433472774658,0.00219817479370916
1241,1241,11,0.182227549983912,0.00229420293965804
1242,1242,19,0.178303023502111,0.00221570902648396
1243,1243,18,0.177129189101624,0.00219210423975798
1244,1244,14,0.179178532893747,0.0022331042796152
1245,1245,14,0.183360745682593,0.00231674544675868
1246,1246,5,0.18095195525184,0.00226879783171278
1247,1247,5,0.181582105305804,0.00228122558941816
1248,1248,4,0.179890878119497,0.00224744407216513
1249,1249,3,0.176815621512618,0.00218577586678539
1250,1250,9,0.177280681668234,0.00219515314327339
1251,1251,4,0.185773296322081,0.00236401028340403
1252,1252,3,0.18082852408243,0.00226633211185159
1253,1253,2,0.179045103094098,0.00223047941100305
1254,1254,7,0.181784711209321,0.00228541239765635
1255,1255,10,0.183811564805964,0.00232558512794323
1256,1256,3,0.177102660059531,0.00219153533369877
1257,1257,14,0.179332019942968,0.00223632789245503
1258,1258,2,0.177652149331738,0.00220263384070391
1259,1259,5,0.178835963083498,0.00222640942435643
1260,1260,4,0.182811511545214,0.00230587676810212
1261,1261,3,0.178442670157084,0.00221853392384981
1262,1262,26,0.178082675154924,0.00221128947946313
1263,1263,11,0.180049694099781,0.00225075950909925
1264,1264,5,0.182337511762535,0.00229644103609141
1265,1265,5,0.177286099946029,0.00219521246826966
1266,1266,41,0.179524247765317,0.00224012055581191
1267,1267,12,0.178112596488955,0.00221188210823788
1268,1268,27,0.176842368283676,0.00218588424256588
1269,1269,1,0.183273338616804,0.00231501132910419
1270,1270,8,0.1790865139313,0.00223138948325595
1271,1271,20,0.180470821450422,0.00225897716455152
1272,1272,6,0.177769019100039,0.00220493585300271
1273,1273,25,0.183103027598974,0.00231164141344778
1274,1274,1,0.179365439646292,0.00223692920743286
1275,1275,19,0.178856181243482,0.00222669510618106
1276,1276,19,0.177926608017151,0.00220793975307774
1277,1277,28,0.182546113332308,0.00230058433997292
1278,1278,13,0.177801062634401,0.00220563185333186
1279,1279,8,0.181207840633912,0.00227377032267236
1280,1280,21,0.177133591379776,0.00219190456530439
1281,1281,1,0.178994578923854,0.00222952083503286
1282,1282,13,0.179181381152081,0.0022332963994302
1283,1283,5,0.178698058477036,0.00222352695315265
1284,1284,4,0.182639030164174,0.00230244434682863
1285,1285,4,0.178237446979057,0.00221440305752463
1286,1286,9,0.179530573950655,0.00224014595288098
1287,1287,4,0.181041354385271,0.00227053854803844
1288,1288,10,0.178048029673042,0.00221042136966907
1289,1289,4,0.180052143844174,0.00225075191529996
1290,1290,5,0.179257813804853,0.00223481939219193
1291,1291,24,0.182080010075475,0.00229129564543353
1292,1292,20,0.177237914000648,0.00219426642367467
1293,1293,8,0.179679958837423,0.00224323176263919
1294,1294,4,0.178055547936141,0.00221075206083969
1295,1295,3,0.1801369754677,0.00225250371729927
1296,1296,5,0.182399077669771,0.00229739960053673
1297,1297,10,0.181359787003771,0.00227694316223722
1298,1298,3,0.178405275133054,0.00221768068387836
1299,1299,22,0.177461164409798,0.00219849066172901
1300,1300,6,0.17717612429391,0.0021930086465428
1301,1301,1,0.179217192337579,0.00223399618117156
1302,1302,3,0.179409289658837,0.0022377129747458
1303,1303,8,0.178155682987939,0.00221256156164474
1304,1304,12,0.180897036159187,0.00226761500676208
1305,1305,10,0.177356263472338,0.00219667290246934
1306,1306,4,0.178634723594788,0.00222239153503327
1307,1307,5,0.178721600293541,0.00222396880175429
1308,1308,1,0.178946307951709,0.00222860516161553
1309,1309,18,0.178483102025813,0.00221931032117887
1310,1310,8,0.182380623380851,0.00229729955019525
1311,1311,3,0.177316011085316,0.00219575559199103
1312,1312,5,0.179811204396185,0.00224591869949587
1313,1313,4,0.177979909413905,0.0022090856826634
1314,1314,4,0.176956671430022,0.00218836192162763
1315,1315,4,0.187331222650923,0.00239529592140289
1316,1316,4,0.178869926103276,0.00222711215367478
1317,1317,2,0.179854296033098,0.00224680070803359
1318,1318,5,0.184437308204777,0.00233814303696849
1319,1319,12,0.183572784152549,0.0023209295841472
1320,1320,1,0.178901428675927,0.00222762391017443
1321,1321,8,0.183235558633384,0.00231427735138197
1322,1322,4,0.179367461232663,0.00223703096479729
1323,1323,5,0.186223810337479,0.0023734033353724
1324,1324,28,0.182294364095366,0.0022955815305746
1325,1325,24,0.180721061595683,0.00226398413594113
1326,1326,2,0.177685557238001,0.00220330943256443
1327,1327,11,0.178558743701871,0.0022207734683477
1328,1328,14,0.179820777995281,0.00224606235776395
1329,1329,11,0.178064741152772,0.00221084505994803
1330,1330,4,0.180910630709274,0.00226797349180653
1331,1331,4,0.179618950831495,0.00224184533427266
1332,1332,19,0.178365009266534,0.00221686466295927
1333,1333,17,0.179225218755009,0.00223422082509702
1334,1334,11,0.178673480587474,0.00222306113678957
1335,1335,3,0.18529169652995,0.00235495244087672
1336,1336,20,0.179184551203791,0.00223338267036133
1337,1337,3,0.177608417521571,0.00220175725318692
1338,1338,3,0.178799743079727,0.00222561301257477
1339,1339,4,0.182693801980799,0.00230346245843711
1340,1340,1,0.185871674109894,0.00236656722070991
1341,1341,1,0.179520331885931,0.00224002481704538
1342,1342,5,0.178715937247104,0.00222401988769466
1343,1343,1,0.180286640565737,0.00225541467449828
1344,1344,22,0.179254536408128,0.00223477723649808
1345,1345,5,0.176866716805395,0.00218663991010448
1346,1346,26,0.178821795167284,0.00222614547033796
1347,1347,6,0.178552370795793,0.00222068924080812
1348,1348,17,0.18214292342342,0.00229251978551676
1349,1349,12,0.178525231672674,0.00222013197727164
1350,1350,9,0.179459463184484,0.00223889820929188
1351,1351,14,0.177641540859722,0.00220226752909673
1352,1352,16,0.181027527341414,0.00227014072968681
1353,1353,4,0.185985110448994,0.00236876613098811
1354,1354,3,0.177955626847258,0.00220867943819894
1355,1355,6,0.177723232390334,0.00220395102034619
1356,1356,4,0.178871730812507,0.00222714595089678
1357,1357,4,0.176862815624292,0.0021865409539736
1358,1358,16,0.178778191279281,0.00222512520746918
1359,1359,21,0.177539543637701,0.0022002681399967
1360,1360,24,0.178690091026719,0.00222327138162573
1361,1361,17,0.177199048558998,0.00219351286729681
1362,1362,13,0.184929302458841,0.00234767370607532
1363,1363,20,0.186449381514058,0.00237764646095496
1364,1364,5,0.179163498152635,0.00223293024702972
1365,1365,3,0.185464912088517,0.00235818264791657
1366,1366,6,0.180774529750816,0.00226517723198457
1367,1367,17,0.178088312163779,0.00221124369380633
1368,1368,6,0.177027184880667,0.00219003435351627
1369,1369,24,0.178949222768307,0.00222843767154693
1370,1370,23,0.177910519548201,0.0022077206238736
1371,1371,8,0.178237045646081,0.0022142230474556
1372,1372,4,0.177967172702359,0.00220876927051482
1373,1373,5,0.179756092966923,0.00224486713767236
1374,1374,4,0.184959150967284,0.00234822839312022
1375,1375,44,0.177669824662477,0.00220293924626445
1376,1376,9,0.180177586817538,0.00225331521012394
1377,1377,10,0.177769144212367,0.00220497358283718
1378,1378,8,0.178741428433149,0.00222453018640375
1379,1379,4,0.184970497115684,0.00234848018638705
1380,1380,1,0.182209771953918,0.00229389389897652
1381,1381,20,0.17752697023581,0.00219994475821313
1382,1382,4,0.177467251696516,0.00219863883524442
1383,1383,15,0.182034820232955,0.00229038322345501
1384,1384,5,0.180601566802786,0.00226177792106273
1385,1385,5,0.17758133682123,0.00220114563296976
1386,1386,20,0.177769915994931,0.00220497379475058
1387,1387,14,0.179721916839504,0.00224408282211703
1388,1388,8,0.177875765008945,0.00220713532320071
1389,1389,5,0.178277588100324,0.00221505027204844
1390,1390,5,0.181446974278827,0.00227868654529855
1391,1391,11,0.18220963874811,0.0022938931603614
1392,1392,10,0.177900124358792,0.00220745740632182
1393,1393,2,0.181771460751096,0.00228504747102388
1394,1394,3,0.178094655809182,0.00221149676720975
1395,1395,5,0.177390360623428,0.00219725685295909
1396,1396,4,0.187143525445832,0.00239160097511505
1397,1397,5,0.186588493638088,0.00238039119423768
1398,1398,4,0.176946673680776,0.0021882932974154
1399,1399,4,0.179059589001185,0.00223091913189108
1400,1400,27,0.178930193295445,0.00222816610734013
1401,1401,12,0.177694047331887,0.00220342442190456
1402,1402,3,0.183580327797545,0.00232097536446182
1403,1403,8,0.178033180396696,0.00221027252943729
1404,1404,11,0.177360079493797,0.00219670526570059
1405,1405,4,0.181029305897861,0.00227027304139693
1406,1406,2,0.182725530870267,0.00230416497134066
1407,1407,17,0.179100652453119,0.00223166065966681
1408,1408,6,0.182207973959595,0.00229385996138402
1409,1409,23,0.177688167091794,0.00220336032516295
1410,1410,2,0.178366692178008,0.0022170071860128
1411,1411,14,0.179798127279779,0.00224559639844004
1412,1412,7,0.177164964249835,0.00219268777108801
1413,1413,24,0.179225039707618,0.00223422365574212
1414,1414,19,0.18005742497301,0.00225090677445358
1415,1415,1,0.178157668535681,0.00221279606347398
1416,1416,22,0.181325742170567,0.00227619954354394
1417,1417,4,0.177175766074137,0.00219299109070298
1418,1418,5,0.177268512440835,0.00219491153681576
1419,1419,1,0.179374936485423,0.00223716585604564
1420,1420,13,0.182166786918658,0.00229303975303862
1421,1421,8,0.182767740668989,0.00230500528848835
1422,1422,4,0.178828332586868,0.00222623634943797
1423,1423,14,0.177091249138656,0.00219134009397112
1424,1424,7,0.177351879714852,0.00219647186732214
1425,1425,1,0.185724964333404,0.00236346849959109
1426,1426,4,0.179255278081324,0.0022346373775523
1427,1427,5,0.17772123098819,0.00220402777947292
1428,1428,1,0.180227641691428,0.00225428822150902
1429,1429,4,0.18317133066786,0.00231294717637947
1430,1430,4,0.188083374719709,0.00241021534667105
1431,1431,66,0.179406916534502,0.00223777115157019
1432,1432,20,0.180332866373643,0.00225636202774821
1433,1433,2,0.177467858682186,0.00219891977581723
1434,1434,8,0.178782895071795,0.00222524301271142
1435,1435,15,0.18127263428497,0.00227514619816137
1436,1436,6,0.182767652711369,0.0023048977786812
1437,1437,9,0.182120146072524,0.00229208571374976
1438,1438,14,0.178863341811833,0.00222693248870926
1439,1439,54,0.183531413873766,0.00232011683861146
1440,1440,61,0.178545502537271,0.00222054005239229
1441,1441,3,0.178387422341459,0.00221735853643274
1442,1442,7,0.17754812449734,0.00220029698654271
1443,1443,11,0.177035875538753,0.00218998759761555
1444,1444,1,0.181315915953034,0.00227601766416198
1445,1445,30,0.185867501098742,0.00236647880724886
1446,1446,16,0.178348288175855,0.00221662667025393
1447,1447,23,0.177011673271912,0.00218973617555928
1448,1448,16,0.17972914445369,0.00224434077273747
1449,1449,11,0.17836031154973,0.00221683237978192
1450,1450,5,0.185862819744876,0.00236637896799115
1451,1451,7,0.180921563944419,0.00226815519035921
1452,1452,32,0.183561285616216,0.00232066902024532
1453,1453,24,0.178032313863993,0.00221026267737193
1454,1454,9,0.185651453385995,0.00236221879805971
1455,1455,5,0.177537023037386,0.0022002015259506
1456,1456,31,0.182336580540637,0.00229642197702513
1457,1457,6,0.183696249190286,0.0023233512903731
1458,1458,10,0.177972728884495,0.0022090820613661
1459,1459,25,0.179361405764584,0.00223683053964445
1460,1460,29,0.183071140784024,0.00231103723182443
1461,1461,5,0.184497397543117,0.00233920150114133
1462,1462,9,0.180744391810156,0.00226462487033367
1463,1463,21,0.186007579278952,0.00236924798563507
1464,1464,4,0.178566182363384,0.00222098998189997
1465,1465,4,0.17828517913801,0.00221523984333067
1466,1466,4,0.184405045061736,0.00233752912566572
1467,1467,54,0.177648060184253,0.00220243427519493
1468,1468,4,0.179775886203969,0.00224523807303727
1469,1469,14,0.17781923361969,0.00220599246562349
1470,1470,4,0.182190367221164,0.00229337302465766
1471,1471,4,0.181446999610222,0.00227866200447634
1472,1472,33,0.17876563629974,0.00222493739306192
1473,1473,3,0.177253705702867,0.00219436976306673
1474,1474,10,0.179714838377351,0.00224396988926722
1475,1475,26,0.177306995565926,0.00219568720967754
1476,1476,1,0.178257894712855,0.00221475631819881
1477,1477,5,0.179725466928894,0.00224416992133841
1478,1478,7,0.176848659676424,0.00218618802671824
1479,1479,17,0.17902811873055,0.00223023958679356
1480,1480,24,0.181281966208486,0.00227539291231219
1481,1481,7,0.181826482327477,0.00228624318786544
1482,1482,5,0.183458335594188,0.00231859197574738
1483,1483,3,0.178834989444658,0.00222640207958483
1484,1484,3,0.177700721252239,0.00220360237544081
1485,1485,2,0.178051741755736,0.00221067341699165
1486,1486,11,0.181516331807286,0.00228004876533745
1487,1487,9,0.176944945114096,0.00218807453791447
1488,1488,13,0.178481678946261,0.0022192219314191
1489,1489,10,0.178740489078829,0.00222438534986809
1490,1490,13,0.179777478535236,0.0022452661168294
1491,1491,1,0.182266826522567,0.00229487140086297
1492,1492,24,0.180257051325453,0.00225490867943442
1493,1493,5,0.18094115502676,0.00226850187017063
1494,1494,8,0.177211930666768,0.00219375186685577
1495,1495,4,0.17933839334454,0.00223646656870666
1496,1496,13,0.176908137502287,0.00218764866030724
1497,1497,9,0.177463480173525,0.00219883766040681
1498,1498,6,0.181718066665247,0.00228405396467273
1499,1499,3,0.177679088917429,0.00220317905786472
1500,1500,15,0.180415516756446,0.00225783910979605
1501,1501,4,0.178312277370268,0.00221585171852286
1502,1502,4,0.188016946471851,0.0024088903893246
1503,1503,1,0.181929861245793,0.00228827522458535
1504,1504,4,0.178079156700984,0.00221101788911295
1505,1505,8,0.177809136997809,0.00220577877864302
1506,1506,8,0.178197569178863,0.00221359990097996
1507,1507,4,0.179068548852674,0.00223106651408916
1508,1508,4,0.177819964409234,0.00220581959728163
1509,1509,15,0.178259266174997,0.00221483654576514
1510,1510,3,0.180613019469033,0.00226202376664762
1511,1511,14,0.178369104178354,0.00221705427866738
1512,1512,28,0.177992720444706,0.0022094207419638
1513,1513,6,0.177837171458812,0.00220635957500036
1514,1514,5,0.177578025109732,0.00220105204311975
1515,1515,4,0.177065882274194,0.00219079738301484
1516,1516,4,0.180745012843947,0.00226466732622297
1517,1517,7,0.177237250861921,0.00219428249144787
1518,1518,4,0.178408172670056,0.002217838464923
1519,1519,8,0.185952558296651,0.0023681473455827
1520,1520,5,0.176949280611582,0.00218836253641699
1521,1521,32,0.177731336150124,0.00220421514018908
1522,1522,10,0.179751508588403,0.00224476880626537
1523,1523,16,0.179069157280222,0.00223084629367017
1524,1524,7,0.177278256331393,0.00219510686821769
1525,1525,4,0.17905716920798,0.00223076410017678
1526,1526,9,0.178208610738697,0.00221369674699148
1527,1527,10,0.177537346559452,0.00220032538505853
1528,1528,7,0.18526578225357,0.00235435844571267
1529,1529,4,0.180623185478075,0.00226223048806214
1530,1530,2,0.181354097023097,0.00227663770663435
1531,1531,3,0.181512157207908,0.00227995741588773
1532,1532,14,0.178267976056577,0.0022150086014065
1533,1533,4,0.180902946232932,0.00226776754977912
1534,1534,5,0.178467952280147,0.00221887704383829
1535,1535,3,0.179486686267903,0.00223947986452625
1536,1536,18,0.178291519163917,0.00221546219982676
1537,1537,5,0.18128150055633,0.00227531157336558
1538,1538,4,0.182819815706521,0.00230595715528872
1539,1539,34,0.177233831656986,0.00219421349655526
1540,1540,18,0.185441143767681,0.00235803039801276
1541,1541,21,0.177850583472352,0.00220640524688136
1542,1542,10,0.179066178981759,0.00223104812529816
1543,1543,12,0.178066584762091,0.00221097089080593
1544,1544,4,0.185064042264631,0.00235034006322879
1545,1545,21,0.180097764055306,0.00225170680563245
1546,1546,16,0.179417715198984,0.00223804398079983
1547,1547,6,0.176919761345359,0.0021878475730194
1548,1548,8,0.179664126625455,0.00224293325177747
1549,1549,13,0.178103821592321,0.00221163970056489
1550,1550,5,0.178773929297646,0.00222502046709517
1551,1551,19,0.184381158845378,0.00233689639472907
1552,1552,6,0.182252451292106,0.00229474549013261
1553,1553,8,0.178215243006402,0.00221396291140984
1554,1554,7,0.178468564176681,0.00221904821495712
1555,1555,4,0.179741314604691,0.00224429899393774
1556,1556,3,0.18245100687813,0.00229867168118435
1557,1557,24,0.178797680598151,0.0022254096805586
1558,1558,8,0.179379093324789,0.00223727406686968
1559,1559,3,0.179163044321731,0.00223298269583546
1560,1560,6,0.182921462602211,0.00230801510203421
1561,1561,8,0.185083291563176,0.00235091694831743
1562,1562,7,0.177837590784088,0.00220626563472036
1563,1563,8,0.178643027702157,0.0022225350941907
1564,1564,24,0.183665894062703,0.00232278943741908
1565,1565,5,0.18191214982431,0.00228796377049519
1566,1566,8,0.178674296650264,0.00222318598398392
1567,1567,3,0.176883366972487,0.00218672980314238
1568,1568,9,0.182038050842342,0.00229046162654145
1569,1569,30,0.176888112516552,0.00218699814108295
1570,1570,5,0.178552264450967,0.00222073429443555
1571,1571,2,0.180378927855377,0.0022573207984889
1572,1572,3,0.182074871643007,0.00229110499645775
1573,1573,2,0.178032977993383,0.0022102763202497
1574,1574,10,0.177093929631678,0.00219126949889862
1575,1575,1,0.17913969306927,0.00223240776158388
1576,1576,15,0.179177219442168,0.00223322952966889
1577,1577,16,0.178904836495318,0.00222776915349709
1578,1578,8,0.179179947809453,0.00223333348090365
1579,1579,3,0.178471736273661,0.00221899546573935
1580,1580,5,0.17953986150849,0.00224053494165078
1581,1581,7,0.178515885161974,0.00221988727760285
1582,1582,44,0.182739394725177,0.002304374685316
1583,1583,7,0.178785427261661,0.002225305314916
1584,1584,26,0.179301749576513,0.00223573155958619
1585,1585,33,0.177080200575919,0.00219111538631861
1586,1586,6,0.177219010911279,0.00219367977051839
1587,1587,7,0.180162484649582,0.00225285345757875
1588,1588,4,0.185105316745553,0.00235114787986777
1589,1589,8,0.177657739316435,0.0022027175005094
1590,1590,16,0.177623494549438,0.00220181960771062
1591,1591,4,0.177443145426894,0.00219820989161437
1592,1592,26,0.178738705713644,0.00222441793202171
1593,1593,13,0.180017471343256,0.00225009803684757
1594,1594,22,0.178913095874654,0.00222796566473545
1595,1595,4,0.18245873273336,0.00229873940780331
1596,1596,10,0.179146993754062,0.00223265016986259
1597,1597,7,0.178670535006433,0.00222300092119875
1598,1598,8,0.177954082966155,0.00220863564088978
1599,1599,7,0.179729429056778,0.00224403404662767
1600,1600,4,0.186129754436073,0.00237148206304253
1601,1601,3,0.178080602905697,0.00221119201471958
1602,1602,9,0.177759454226215,0.00220467357963668
1603,1603,43,0.179087144904853,0.00223132423468786
1604,1604,8,0.184186198571313,0.00233309876661766
1605,1605,9,0.179036847463721,0.00223037434296362
1606,1606,4,0.184542384975596,0.00234025477441997
1607,1607,14,0.180704734415531,0.00226386121129958
1608,1608,1,0.18301614491814,0.0023099160699455
1609,1609,4,0.17889493726638,0.00222760983952502
1610,1610,2,0.183851902574625,0.00232637224052876
